,Product Name,Prices,Description,Ratings
0,"OPPO R17 Pro (Emerald Green, 128 GB)","₹49,990",8 GB RAM | 128 GB ROM16.26 cm (6.4 inch) Display12MP + 20MP | 25MP Front Camera3700 mAh BatterySDM710 ProcessorBrand Warranty of 1 Year Available for Mobile and 6 Months for Battery and Accessories,4.2
1,"OnePlus 10T 5G (Jade Green, 128 GB)","₹49,230","8 GB RAM | 128 GB ROM17.02 cm (6.7 inch) Display50MP Rear Camera4800 mAh Battery1 year on phone, 6 months on accessories",4.3
2,"APPLE iPhone 8 Plus (Silver, 64 GB)","₹49,900","64 GB ROM13.97 cm (5.5 inch) Retina HD Display12MP + 12MP | 7MP Front CameraA11 Bionic Chip with 64-bit Architecture, Neural Engine, Embedded M11 Motion Coprocessor ProcessorBrand Warranty of 1 Year",4.6
3,"vivo V25 Pro 5G (Sailing Blue, 256 GB)","₹45,000",12 GB RAM | 256 GB ROM16.66 cm (6.56 inch) Full HD+ Display64MP + 8MP + 2MP | 32MP Front Camera4830 mAh Lithium BatteryMediatek Dimensity 1300 ProcessorColor Changing Fluorite AG Glass Design120 Hz 3D Curve Display1 Year on Handset and 6 Months on Accessories,4.3
4,"ASUS ROG Phone 5 (White, 128 GB)","₹49,999",8 GB RAM | 128 GB ROM17.22 cm (6.78 inch) Full HD+ Display64MP + 13MP + 5MP | 24MP Front Camera6000 mAh Lithium Polymer BatteryQualcomm Snapdragon 888 (SM8350) ProcessorBrand Warranty of 1 Year,4.1
5,"APPLE iPhone SE (3rd Gen) (Starlight, 64 GB)","₹47,990","64 GB ROM11.94 cm (4.7 inch) Retina HD Display12MP Rear Camera | 7MP Front CameraA15 Bionic Chip, 6 Core Processor ProcessorBrand Warranty of 1 Year",4.3
6,"SAMSUNG Galaxy S20 FE (Cloud Navy, 128 GB)","₹50,010",8 GB RAM | 128 GB ROM | Expandable Upto 1 TB16.51 cm (6.5 inch) Full HD+ Display12MP + 12MP + 8MP Rear Camera | 32MP Front Camera4500 mAh Lithium Ion BatteryExynos Octa Core ProcessorSuper AMOLED Display | 120 Hz RateIP68 Rating1 Year Warranty Provided by the Manufacturer from Date of Purchase,4
7,"ASUS ROG Phone 3 (Black, 128 GB)","₹49,999",12 GB RAM | 128 GB ROM16.74 cm (6.59 inch) Full HD+ Display64MP + 13MP + 5MP | 24MP Front Camera6000 mAh Lithium Polymer BatteryQualcomm Snapdragon 865+ (SM8250) ProcessorBrand Warranty of 1 Year Available for Mobile and 6 Months for Accessories,4.4
8,"realme X50 Pro (Moss Green, 256 GB)","₹47,999",12 GB RAM | 256 GB ROM16.36 cm (6.44 inch) Full HD+ Display64MP + 12MP + 8MP + 2MP | 32MP + 8MP Dual Front Camera4200 mAh Battery5G PhoneQualcomm Snapdragon 865 Processor65W Superdart ChargeBrand Warranty of 1 Year Available for Mobile and 6 Months for Accessories,4.4
9,"SAMSUNG Galaxy S8 (Burgundy Red, 64 GB)","₹49,990",4 GB RAM | 64 GB ROM | Expandable Upto 256 GB14.73 cm (5.8 inch) Quad HD+ Display12MP Rear Camera | 8MP Front Camera3000 mAh BatteryExynos 8895 Octa Core 2.3GHz ProcessorBrand Warranty of 1 Year Available for Mobile and 6 Months for Accessories,4.6
10,"Xiaomi 11T Pro 5G Hyperphone (Celestial Magic, 128 GB)","₹31,989",8 GB RAM | 128 GB ROM16.94 cm (6.67 inch) Display108MP Rear Camera5000 mAh Battery1 Year,4
11,"Xiaomi 12 Pro 5G (Noir Black, 256 GB)","₹48,990",8 GB RAM | 256 GB ROM17.09 cm (6.73 inch) Full HD+ AMOLED Display50MP Rear Camera4600 mAh BatterySnapdragon@ 8 Gen 1 Processor12 Months,4.2
12,"IQOO 9T 5G (LEGEND, 128 GB)","₹49,999",8 GB RAM | 128 GB ROM17.22 cm (6.78 inch) Display50MP Rear Camera4700 mAh Battery1 Year,4.1
13,"APPLE iPhone 12 Mini (Black, 128 GB)","₹44,999","128 GB ROM13.72 cm (5.4 inch) Super Retina XDR Display12MP + 12MP | 12MP Front CameraA14 Bionic Chip with Next Generation Neural Engine ProcessorCeramic ShieldIndustry-leading IP68 Water ResistanceAll Screen OLED Display12MP TrueDepth Front Camera with Night Mode, 4K Dolby Vision HDR RecordingBrand Warranty for 1 Year",4.5
14,"APPLE iPhone 11 (Purple, 128 GB)","₹44,999",128 GB ROM15.49 cm (6.1 inch) Liquid Retina HD Display12MP + 12MP | 12MP Front CameraA13 Bionic Chip ProcessorBrand Warranty of 1 Year,4.6
15,"APPLE iPhone 12 Mini (White, 128 GB)","₹44,999","128 GB ROM13.72 cm (5.4 inch) Super Retina XDR Display12MP + 12MP | 12MP Front CameraA14 Bionic Chip with Next Generation Neural Engine ProcessorCeramic ShieldIndustry-leading IP68 Water ResistanceAll Screen OLED Display12MP TrueDepth Front Camera with Night Mode, 4K Dolby Vision HDR RecordingBrand Warranty for 1 Year",4.5
16,"APPLE iPhone 11 (Red, 128 GB)","₹44,999",128 GB ROM15.49 cm (6.1 inch) Liquid Retina HD Display12MP + 12MP | 12MP Front CameraA13 Bionic Chip ProcessorBrand Warranty of 1 Year,4.6
17,"Google Pixel 6a (Charcoal, 128 GB)","₹30,999",6 GB RAM | 128 GB ROM15.6 cm (6.14 inch) Full HD+ Display12.2MP + 12MP | 8MP Front Camera4410 mAh BatteryGoogle Tensor Processor1 Year Brand Warranty,4.3
18,"Google Pixel 6a (Chalk, 128 GB)","₹30,999",6 GB RAM | 128 GB ROM15.6 cm (6.14 inch) Full HD+ Display12.2MP + 12MP | 8MP Front Camera4410 mAh BatteryGoogle Tensor Processor1 Year Brand Warranty,4.3
19,"APPLE iPhone 12 Mini (Green, 64 GB)","₹43,999","64 GB ROM13.72 cm (5.4 inch) Super Retina XDR Display12MP + 12MP | 12MP Front CameraA14 Bionic Chip with Next Generation Neural Engine ProcessorCeramic ShieldIndustry-leading IP68 Water ResistanceAll Screen OLED Display12MP TrueDepth Front Camera with Night Mode, 4K Dolby Vision HDR RecordingBrand Warranty for 1 Year",4.5
20,"APPLE iPhone 12 Mini (Red, 64 GB)","₹43,999","64 GB ROM13.72 cm (5.4 inch) Super Retina XDR Display12MP + 12MP | 12MP Front CameraA14 Bionic Chip with Next Generation Neural Engine ProcessorCeramic ShieldIndustry-leading IP68 Water ResistanceAll Screen OLED Display12MP TrueDepth Front Camera with Night Mode, 4K Dolby Vision HDR RecordingBrand Warranty for 1 Year",4.5
21,"SAMSUNG Galaxy A73 5G (Awesome Gray, 256 GB)","₹44,999",8 GB RAM | 256 GB ROM | Expandable Upto 1 TB17.02 cm (6.7 inch) Full HD+ Display108MP + 12MP + 5MP + 5MP | 32MP Front Camera5000 mAh Li-ion BatteryQualcomm Snapdragon 778G Processor1 Year Manufacturer Warranty for Device and 6 Months Manufacturer Warranty for In-Box,4.2
22,"SAMSUNG Galaxy A73 5G (Awesome Mint, 128 GB)","₹41,999",8 GB RAM | 128 GB ROM | Expandable Upto 1 TB17.02 cm (6.7 inch) Full HD+ Display108MP + 12MP + 5MP + 5MP | 32MP Front Camera5000 mAh Li-ion BatteryQualcomm Snapdragon 778G Processor1 Year Manufacturer Warranty for Device and 6 Months Manufacturer Warranty for In-Box,4.2
23,"Xiaomi 11T Pro 5G Hyperphone (Meteorite Black, 256 GB)","₹49,990",12 GB RAM | 256 GB ROM16.94 cm (6.67 inch) Display108MP Rear Camera5000 mAh Battery12 months,4.2
24,"OnePlus 9RT 5G (Hacker Black, 128 GB)","₹41,999",8 GB RAM | 128 GB ROM16.81 cm (6.62 inch) Display50MP Rear Camera4500 mAh Battery12 months,4.3
25,"SAMSUNG Galaxy A73 5G (Awesome Gray, 256 GB)","₹44,999",8 GB RAM | 256 GB ROM | Expandable Upto 1 TB17.02 cm (6.7 inch) Full HD+ Display108MP + 12MP + 5MP + 5MP | 32MP Front Camera5000 mAh Li-ion BatteryQualcomm Snapdragon 778G Processor1 Year Manufacturer Warranty for Device and 6 Months Manufacturer Warranty for In-Box,4.2
26,"SAMSUNG Galaxy A73 5G (Awesome Mint, 256 GB)","₹44,999",8 GB RAM | 256 GB ROM | Expandable Upto 1 TB17.02 cm (6.7 inch) Full HD+ Display108MP + 12MP + 5MP + 5MP | 32MP Front Camera5000 mAh Li-ion BatteryQualcomm Snapdragon 778G Processor1 Year Manufacturer Warranty for Device and 6 Months Manufacturer Warranty for In-Box,4.2
27,"OnePlus 10R 5G (Sierra Black, 256 GB)","₹40,000",12 GB RAM | 256 GB ROM17.02 cm (6.7 inch) Display50MP Rear Camera5000 mAh Battery1 Year Manufacturer Warranty for Handset and 6 Months Warranty for In the Box Accessories,4.2
28,"SAMSUNG Galaxy A73 5G (Awesome Mint, 128 GB)","₹41,999",8 GB RAM | 128 GB ROM | Expandable Upto 1 TB17.02 cm (6.7 inch) Full HD+ Display108MP + 12MP + 5MP + 5MP | 32MP Front Camera5000 mAh Li-ion BatteryQualcomm Snapdragon 778G Processor1 Year Manufacturer Warranty for Device and 6 Months Manufacturer Warranty for In-Box,4.2
29,"realme GT Neo 3 (150W - Thor Limited Edition) (Nitro Blue, 256 GB)","₹42,999",12 GB RAM | 256 GB ROM17.02 cm (6.7 inch) Full HD+ Display50MP + 8MP + 2MP | 16MP Front Camera4500 mAh Lithium Ion BatteryMediatek Dimensity 8100 Processor1 Year Manufacturer Warranty for Phone and 6 Months Warranty for In-Box Accessories,4.9
30,"APPLE iPhone 11 (Yellow, 64 GB)","₹40,999",64 GB ROM15.49 cm (6.1 inch) Liquid Retina HD Display12MP + 12MP | 12MP Front CameraA13 Bionic Chip ProcessorBrand Warranty of 1 Year,4.6
31,"SAMSUNG Galaxy A73 5G (Awesome Gray, 128 GB)","₹41,999",8 GB RAM | 128 GB ROM | Expandable Upto 1 TB17.02 cm (6.7 inch) Full HD+ Display108MP + 12MP + 5MP + 5MP | 32MP Front Camera5000 mAh Li-ion BatteryQualcomm Snapdragon 778G Processor1 Year Manufacturer Warranty for Device and 6 Months Manufacturer Warranty for In-Box,4.2
32,"APPLE iPhone SE (White, 256 GB)","₹42,990","256 GB ROM11.94 cm (4.7 inch) Retina HD Display12MP Rear Camera | 7MP Front CameraA13 Bionic Chip with 3rd Gen Neural Engine ProcessorWater and Dust Resistant (1 meter for Upto 30 minutes, IP67)Fast Charge CapableWireless charging (Works with Qi Chargers | Qi Chargers are Sold SeparatelyBrand Warranty of 1 Year",4.5
33,"realme GT NEO 3 (150W) (Sprint White, 256 GB)","₹42,999",12 GB RAM | 256 GB ROM17.02 cm (6.7 inch) Full HD+ Display50MP + 8MP + 2MP | 16MP Front Camera4500 mAh Lithium Ion BatteryMediatek Dimensity 8100 Processor1 Year Manufacturer Warranty for Phone and 6 Months Warranty for In-Box Accessories,4.4
34,"realme X50 Pro (Rust Red, 128 GB)","₹41,999",8 GB RAM | 128 GB ROM16.36 cm (6.44 inch) Full HD+ Display64MP + 12MP + 8MP + 2MP | 32MP + 8MP Dual Front Camera4200 mAh Battery5G PhoneQualcomm Snapdragon 865 Processor65W Superdart ChargeBrand Warranty of 1 Year Available for Mobile and 6 Months for Accessories,4.4
35,"IQOO 9 5G (Alpha, 128 GB)","₹38,990",8 GB RAM | 128 GB ROM16.66 cm (6.56 inch) Display48MP + 48MP + 13MP + 13MP | 16MP + 16MP Dual Front Camera4350 mAh Battery1 Year,4.1
36,"OnePlus 10R 5G (Sierra Black, 256 GB)","₹42,999",12 GB RAM | 256 GB ROM17.02 cm (6.7 inch) Display50MP Rear Camera4500 mAh Battery12 months,4.2
37,"APPLE iPhone SE (Red, 256 GB)","₹42,990","256 GB ROM11.94 cm (4.7 inch) Retina HD Display12MP Rear Camera | 7MP Front CameraA13 Bionic Chip with 3rd Gen Neural Engine ProcessorWater and Dust Resistant (1 meter for Upto 30 minutes, IP67)Fast Charge CapableWireless charging (Works with Qi Chargers | Qi Chargers are Sold SeparatelyBrand Warranty of 1 Year",4.5
38,"realme GT NEO 3 (150W) (Asphalt Black, 256 GB)","₹42,999",12 GB RAM | 256 GB ROM17.02 cm (6.7 inch) Full HD+ Display50MP + 8MP + 2MP | 16MP Front Camera4500 mAh Lithium Ion BatteryMediatek Dimensity 8100 Processor1 Year Manufacturer Warranty for Phone and 6 Months Warranty for In-Box Accessories,4.4
39,"SAMSUNG Galaxy A72 (Awesome Violet, 128 GB)","₹34,999",8 GB RAM | 128 GB ROM | Expandable Upto 1 TB17.02 cm (6.7 inch) Full HD+ Display64MP + 12MP + 8MP + 5MP | 32MP Front Camera5000 mAh Lithium-ion BatteryQualcomm Snapdragon 720G Processor1 Year Warranty Provided by the Manufacturer from Date of Purchase,4.3
40,"vivo V23 Pro 5G (Stardust Black, 256 GB)","₹43,990",12 GB RAM | 256 GB ROM16.66 cm (6.56 inch) Full HD+ Display108MP + 8MP + 2MP | 50MP + 8MP Dual Front Camera4300 mAh Lithium BatteryMediatek Dimensity 1200 Processor1 Year Manufacturer Warranty for Phone and 6 Months Warranty for In the Box Accessories,4.1
41,"APPLE iPhone SE (Black, 256 GB)","₹42,990","256 GB ROM11.94 cm (4.7 inch) Retina HD Display12MP Rear Camera | 7MP Front CameraA13 Bionic Chip with 3rd Gen Neural Engine ProcessorWater and Dust Resistant (1 meter for Upto 30 minutes, IP67)Fast Charge CapableWireless charging (Works with Qi Chargers | Qi Chargers are Sold SeparatelyBrand Warranty of 1 Year",4.5
42,"SAMSUNG Galaxy A73 5G (Awesome White, 128 GB)","₹41,999",8 GB RAM | 128 GB ROM | Expandable Upto 1 TB17.02 cm (6.7 inch) Full HD+ Display108MP + 12MP + 5MP + 5MP | 32MP Front Camera5000 mAh Li-ion BatteryQualcomm Snapdragon 778G Processor1 Year Manufacturer Warranty for Device and 6 Months Manufacturer Warranty for In-Box,4.2
43,"IQOO 3 (Quantum Silver, 256 GB)","₹40,990","8 GB RAM | 256 GB ROM16.36 cm (6.44 inch) Full HD+ Display48MP + 13MP + 13MP + 2MP | 16MP Front Camera4440 mAh Li-ion BatteryQualcomm Snapdragon 865 ProcessorIn-Display Fingerprint Sensor, Monster Touch Buttons55 W Super Flash ChargeSuper AMOLED DisplayBrand Warranty of 1 Year Available for Mobile and Accessories",4.5
44,"ASUS ZenFone 5Z (Meteor Silver, 256 GB)","₹43,999",8 GB RAM | 256 GB ROM | Expandable Upto 2 TB15.75 cm (6.2 inch) Full HD+ Display12MP + 8MP | 8MP Front Camera3300 mAh BatteryQualcomm Snapdragon 845 Octa Core ProcessorBrand Warranty of 1 Year Available for Handset and 6 Months for Accessories,4.5
45,"ASUS ZenFone 5Z (Midnight Blue, 256 GB)","₹43,999",8 GB RAM | 256 GB ROM | Expandable Upto 2 TB15.75 cm (6.2 inch) Full HD+ Display12MP + 8MP | 8MP Front Camera3300 mAh BatteryQualcomm Snapdragon 845 Octa Core ProcessorBrand Warranty of 1 Year Available for Handset and 6 Months for Accessories,4.5
46,"LG G Pro 2 (Titan, 16 GB)","₹42,021",3 GB RAM | 16 GB ROM | Expandable Upto 64 GB14.99 cm (5.9 inch) Full HD Display13MP Rear Camera | 2.1MP Front Camera3200 mAh BatteryQualcomm MSM8974 Snapdragon 800 Krait 400 Processor1 Year Manufacturer Warranty,4.5
47,"APPLE iPhone XR (White, 128 GB)","₹44,999","128 GB ROM15.49 cm (6.1 inch) Display12MP Rear Camera | 7MP Front CameraA12 Bionic Chip ProcessorWater and Dust Resistant (1 meter for Upto 30 minutes, IP67)Face ID for Secure AuthenticationFast-charge CapableBrand Warranty of 1 Year",4.6
48,"APPLE iPhone XR (White, 128 GB)","₹44,999","128 GB ROM15.49 cm (6.1 inch) Display12MP Rear Camera | 7MP Front CameraA12 Bionic Chip ProcessorWater and Dust Resistant (1 meter for Upto 30 minutes, IP67)Face ID for Secure AuthenticationFast-charge CapableBrand Warranty of 1 Year",4.6
49,"OnePlus 9 5G (Arctic Sky, 256 GB)","₹41,999",12 GB RAM | 256 GB ROM16.64 cm (6.55 inch) Display48MP Rear Camera4500 mAh Battery12 months,4
50,"realme GT NEO 3 (150W) (Nitro Blue, 256 GB)","₹42,999",12 GB RAM | 256 GB ROM17.02 cm (6.7 inch) Full HD+ Display50MP + 8MP + 2MP | 16MP Front Camera4500 mAh Lithium Ion BatteryMediatek Dimensity 8100 Processor1 Year Manufacturer Warranty for Phone and 6 Months Warranty for In-Box Accessories,4.4
51,"SAMSUNG S20 FE 5G (Cloud Navy, 128 GB)","₹32,700",8 GB RAM | 128 GB ROM16.51 cm (6.5 inch) Display12MP Rear Camera4500 mAh Battery1 Year,4.2
52,"realme X50 Pro (Moss Green, 128 GB)","₹41,999",8 GB RAM | 128 GB ROM16.36 cm (6.44 inch) Full HD+ Display64MP + 12MP + 8MP + 2MP | 32MP + 8MP Dual Front Camera4200 mAh Battery5G PhoneQualcomm Snapdragon 865 Processor65W Superdart ChargeBrand Warranty of 1 Year Available for Mobile and 6 Months for Accessories,4.4
53,"ASUS ROG Phone II (Black, 128 GB)","₹40,999",8 GB RAM | 128 GB ROM16.74 cm (6.59 inch) Full HD+ Display48MP + 13MP | 24MP Front Camera6000 mAh BatteryQualcomm Snapdragon 855 Plus ProcessorBrand Warranty of 1 Year Available for Mobile and 6 Months for Accessories,4.6
54,"Xiaomi 11T Pro 5G Hyperphone (Celestial Magic, 128 GB)","₹31,989",8 GB RAM | 128 GB ROM16.94 cm (6.67 inch) Display108MP Rear Camera5000 mAh Battery1 Year,4
55,"Xiaomi 11T Pro 5G Hyperphone (Meteorite Black, 128 GB)","₹31,989",8 GB RAM | 128 GB ROM16.94 cm (6.67 inch) Display108MP Rear Camera5000 mAh Battery12 months,4
56,"Apple iPhone XR (White, 128 GB) (Includes EarPods, Power Adapter)","₹44,999",128 GB ROM15.49 cm (6.1 inch) Display12MP Rear Camera | 7MP Front CameraA12 Bionic Chip ProcessoriOS 13 CompatibleBrand Warranty of 1 Year,4.6
57,"Xiaomi 11T Pro 5G Hyperphone (Moonlight White, 256 GB)","₹42,499",8 GB RAM | 256 GB ROM16.94 cm (6.67 inch) Display108MP Rear Camera5000 mAh Battery12 months,4
58,"APPLE iPhone 11 (Black, 64 GB)","₹39,999",64 GB ROM15.49 cm (6.1 inch) Liquid Retina HD Display12MP + 12MP | 12MP Front CameraA13 Bionic Chip ProcessorBrand Warranty of 1 Year,4.6
59,"APPLE iPhone 12 Mini (White, 64 GB)","₹37,999","64 GB ROM13.72 cm (5.4 inch) Super Retina XDR Display12MP + 12MP | 12MP Front CameraA14 Bionic Chip with Next Generation Neural Engine ProcessorCeramic ShieldIndustry-leading IP68 Water ResistanceAll Screen OLED Display12MP TrueDepth Front Camera with Night Mode, 4K Dolby Vision HDR RecordingBrand Warranty for 1 Year",4.5
60,"APPLE iPhone 11 (White, 64 GB)","₹39,999",64 GB ROM15.49 cm (6.1 inch) Liquid Retina HD Display12MP + 12MP | 12MP Front CameraA13 Bionic Chip ProcessorBrand Warranty of 1 Year,4.6
61,"APPLE iPhone 12 Mini (Black, 64 GB)","₹37,999","64 GB ROM13.72 cm (5.4 inch) Super Retina XDR Display12MP + 12MP | 12MP Front CameraA14 Bionic Chip with Next Generation Neural Engine ProcessorCeramic ShieldIndustry-leading IP68 Water ResistanceAll Screen OLED Display12MP TrueDepth Front Camera with Night Mode, 4K Dolby Vision HDR RecordingBrand Warranty for 1 Year",4.5
62,"APPLE iPhone 12 Mini (Blue, 64 GB)","₹37,999","64 GB ROM13.72 cm (5.4 inch) Super Retina XDR Display12MP + 12MP | 12MP Front CameraA14 Bionic Chip with Next Generation Neural Engine ProcessorCeramic ShieldIndustry-leading IP68 Water ResistanceAll Screen OLED Display12MP TrueDepth Front Camera with Night Mode, 4K Dolby Vision HDR RecordingBrand Warranty for 1 Year",4.5
63,"APPLE iPhone 11 (Purple, 64 GB)","₹39,999",64 GB ROM15.49 cm (6.1 inch) Liquid Retina HD Display12MP + 12MP | 12MP Front CameraA13 Bionic Chip ProcessorBrand Warranty of 1 Year,4.6
64,"MOTOROLA Edge 30 Fusion (Cosmic grey, 128 GB)","₹39,999",8 GB RAM | 128 GB ROM16.64 cm (6.55 inch) Full HD+ Display50MP + 13MP + 2MP | 32MP Front Camera4400 mAh Lithium BatteryQualcomm Snapdragon 888 + Processor1 Year on Handset and 6 Months on Accessories,4.3
65,"APPLE iPhone 11 (Green, 64 GB)","₹39,999",64 GB ROM15.49 cm (6.1 inch) Liquid Retina HD Display12MP + 12MP | 12MP Front CameraA13 Bionic Chip ProcessorBrand Warranty of 1 Year,4.6
66,"APPLE iPhone 11 (Red, 64 GB)","₹39,999",64 GB ROM15.49 cm (6.1 inch) Liquid Retina HD Display12MP + 12MP | 12MP Front CameraA13 Bionic Chip ProcessorBrand Warranty of 1 Year,4.6
67,"MOTOROLA Edge 30 Fusion (Solar Gold, 128 GB)","₹39,999",8 GB RAM | 128 GB ROM16.64 cm (6.55 inch) Full HD+ Display50MP + 13MP + 2MP | 32MP Front Camera4400 mAh Lithium BatteryQualcomm Snapdragon 888 + Processor1 Year on Handset and 6 Months on Accessories,4.3
68,"SAMSUNG Galaxy S21 FE 5G (Graphite, 128 GB)","₹39,999",8 GB RAM | 128 GB ROM16.26 cm (6.4 inch) Full HD+ Display12MP + 12MP + 8MP (OIS) | 32MP Front Camera4500 mAh Lithium-ion Battery1 Year Manufacturer Warranty for Device and 6 Months Manufacturer Warranty for In-Box Accessories,4.4
69,"SAMSUNG Galaxy S21 FE 5G (White, 128 GB)","₹39,999",8 GB RAM | 128 GB ROM16.26 cm (6.4 inch) Full HD+ Display12MP + 12MP + 8MP (OIS) | 32MP Front Camera4500 mAh Lithium-ion Battery1 Year Manufacturer Warranty for Device and 6 Months Manufacturer Warranty for In-Box Accessories,4.4
70,"IQOO 7 5G (Solid Ice Blue, 256 GB)","₹36,990",12 GB RAM | 256 GB ROM16.81 cm (6.62 inch) Display48MP + 48MP + 13MP + 2MP | 16MP + 16MP Dual Front Camera4400 mAh Battery1 Year,4.5
71,"IQOO 7 5G (Storm Black, 256 GB)","₹27,990",12 GB RAM | 256 GB ROM16.81 cm (6.62 inch) Display48MP + 48MP + 13MP + 2MP | 16MP + 16MP Dual Front Camera4440 mAh Battery1 Year,4.5
72,"vivo V25 Pro 5G (Sailing Blue, 128 GB)","₹35,999",8 GB RAM | 128 GB ROM16.66 cm (6.56 inch) Full HD+ Display64MP + 8MP + 2MP | 32MP Front Camera4830 mAh Lithium BatteryMediatek Dimensity 1300 ProcessorColor Changing Fluorite AG Glass Design120 Hz 3D Curve Display1 Year on Handset and 6 Months on Accessories,4.3
73,"realme GT Neo 3 (Nitro Blue, 128 GB)","₹36,999",8 GB RAM | 128 GB ROM17.02 cm (6.7 inch) Full HD+ Display50MP + 8MP + 2MP | 16MP Front Camera5000 mAh Lithium Ion BatteryMediatek Dimensity 8100 Processor1 Year Manufacturer Warranty for Phone and 6 Months Warranty for In-Box Accessories,4.1
74,"realme GT NEO 2 (NEO Blue, 256 GB)","₹35,999",12 GB RAM | 256 GB ROM16.81 cm (6.62 inch) Full HD+ Display64MP + 8MP + 2MP | 16MP Front Camera5000 mAh BatteryQualcomm Snapdragon 870 Processor1 Year Warranty for Mobile and 6 Months for Accessories,4.4
75,"SAMSUNG Galaxy A53 (Awesome White, 128 GB)","₹35,999",8 GB RAM | 128 GB ROM | Expandable Upto 1 TB16.51 cm (6.5 inch) Full HD+ Display64MP + 12MP + 5MP + 5MP | 32MP Front Camera5000 mAh Lithium Ion BatteryExynos Octa Core Processor Processor1 Year Manufacturer Warranty for Device and 6 Months Manufacturer Warranty for In-Box,4.1
76,"SAMSUNG Galaxy A53 (Awesome Blue, 128 GB)","₹35,999",8 GB RAM | 128 GB ROM | Expandable Upto 1 TB16.51 cm (6.5 inch) Full HD+ Display64MP + 12MP + 5MP + 5MP | 32MP Front Camera5000 mAh Lithium Ion BatteryExynos Octa Core Processor Processor1 Year Manufacturer Warranty for Device and 6 Months Manufacturer Warranty for In-Box,4.1
77,"Apple iPhone XR ((PRODUCT)RED, 64 GB) (Includes EarPods, Power Adapter)","₹39,999",64 GB ROM15.49 cm (6.1 inch) Display12MP Rear Camera | 7MP Front CameraA12 Bionic Chip ProcessoriOS 13 CompatibleBrand Warranty of 1 Year,4.6
78,"Mi 10T (Cosmic Black, 128 GB)","₹35,999",6 GB RAM | 128 GB ROM16.94 cm (6.67 inch) Full HD+ Display64MP + 13MP + 5MP | 20MP Front Camera5000 mAh Li-ion Polymer BatteryQualcomm Snapdragon 865 Processor144Hz Intelligent AdaptiveSync Display33W Dual Split Flash Charge1 Year Manufacturer Warranty for Device and 6 Months Manufacturer Warranty for In-box Accessories,4.2
79,"realme GT 5G (Dashing Blue, 128 GB)","₹37,999",8 GB RAM | 128 GB ROM16.33 cm (6.43 inch) Full HD+ Display64MP + 8MP + 2MP | 16MP Front Camera4500 mAh BatteryQualcomm Snapdragon 888 Processor1 Year Warranty for Mobile and 6 Months for Accessories,4.3
80,"realme GT Neo 3 (Asphalt Black, 256 GB)","₹38,999",8 GB RAM | 256 GB ROM17.02 cm (6.7 inch) Full HD+ Display50MP + 8MP + 2MP | 16MP Front Camera5000 mAh Lithium Ion BatteryMediatek Dimensity 8100 Processor1 Year Manufacturer Warranty for Phone and 6 Months Warranty for In-Box Accessories,4.1
81,"APPLE iPhone XR ((PRODUCT)RED, 64 GB)","₹39,999","64 GB ROM15.49 cm (6.1 inch) Display12MP Rear Camera | 7MP Front CameraA12 Bionic Chip ProcessorWater and Dust Resistant (1 meter for Upto 30 minutes, IP67)Face ID for Secure AuthenticationFast-charge CapableBrand Warranty of 1 Year",4.6
82,"realme GT Neo 3 (Asphalt Black, 128 GB)","₹36,999",8 GB RAM | 128 GB ROM17.02 cm (6.7 inch) Full HD+ Display50MP + 8MP + 2MP | 16MP Front Camera5000 mAh Lithium Ion BatteryMediatek Dimensity 8100 Processor1 Year Manufacturer Warranty for Phone and 6 Months Warranty for In-Box Accessories,4.1
83,"SAMSUNG Galaxy S20 FE (Cloud Mint, 128 GB)","₹39,990",8 GB RAM | 128 GB ROM | Expandable Upto 1 TB16.51 cm (6.5 inch) Full HD+ Display12MP + 12MP + 8MP Rear Camera | 32MP Front Camera4500 mAh Lithium Ion BatteryExynos Octa Core ProcessorSuper AMOLED Display | 120 Hz RateIP68 Rating1 Year Warranty Provided by the Manufacturer from Date of Purchase,4
84,"IQOO 9 SE 5G (Sunset Sierra, 256 GB)","₹37,499",12 GB RAM | 256 GB ROM16.81 cm (6.62 inch) Display48MP + 48MP + 13MP + 2MP | 16MP + 16MP Dual Front Camera4500 mAh Battery1 Year,4.5
85,"vivo V23 Pro 5G (Stardust Black, 128 GB)","₹38,990",8 GB RAM | 128 GB ROM | Expandable Upto 12 GB16.66 cm (6.56 inch) Full HD+ Display108MP + 8MP + 2MP | 50MP + 8MP Dual Front Camera4300 mAh Lithium BatteryMediatek Dimensity 1200 Processor1 Year Manufacturer Warranty for Phone and 6 Months Warranty for In the Box Accessories,4.3
86,"realme X2 Pro (Neptune Blue, 256 GB)","₹35,999",12 GB RAM | 256 GB ROM16.51 cm (6.5 inch) Full HD+ Display64MP + 13MP + 8MP + 2MP | 16MP Front Camera4000 mAh BatteryQualcomm Snapdragon 855 Plus Processor90 Hz Ultra Smooth Display50W Super Vooc Flash Charge20X Hybrid ZoomBrand Warranty of 1 Year Available for Mobile and 6 Months for Accessories,4.6
87,"Mi 11X Pro 5G (Lunar White, 128 GB)","₹32,990",8 GB RAM | 128 GB ROM16.94 cm (6.67 inch) Full HD+ Display108MP + 8MP + 5MP | 20MP Front Camera4520 mAh BatteryQualcomm Snapdragon 888 Processor1 Year Manufacturer Warranty for Device and 6 Months Manufacturer Warranty for In-box Accessories,4
88,"realme X2 Pro (Lunar White, 256 GB)","₹35,999",12 GB RAM | 256 GB ROM16.51 cm (6.5 inch) Full HD+ Display64MP + 13MP + 8MP + 2MP | 16MP Front Camera4000 mAh BatteryQualcomm Snapdragon 855 Plus Processor90 Hz Ultra Smooth Display50W Super Vooc Flash Charge20X Hybrid ZoomBrand Warranty of 1 Year Available for Mobile and 6 Months for Accessories,4.6
89,"MOTOROLA Edge 30 Pro (Cosmos Blue, 128 GB)","₹39,999",8 GB RAM | 128 GB ROM17.02 cm (6.7 inch) Full HD+ AMOLED Display50MP + 50MP + 2MP | 60MP Front Camera4800 mAh Lithium Polymer BatteryQualcomm Snapdragon 8 Gen 1 Processor1 Year on Handset and 6 Months on Accessories,4
90,"Mi Mix 2 (Black, 128 GB)","₹37,999",6 GB RAM | 128 GB ROM15.21 cm (5.99 inch) Full HD+ Display12MP Rear Camera | 5MP Front Camera3400 mAh Li-polymer BatteryQualcomm Snapdragon 835 Octa Core 2.5 GHz ProcessorBrand Warranty of 1 Year Available for Mobile and 6 Months for Accessories,4.3
91,"ASUS 6Z (Black, 64 GB)","₹35,999",6 GB RAM | 64 GB ROM | Expandable Upto 2 TB16.23 cm (6.39 inch) Full HD+ Display48MP + 13MP | 48MP + 13MP Dual Front Camera5000 mAh BatteryQualcomm SD 855 ProcessorFlip CameraBrand Warranty of 1 Year Available for Mobile and 6 Months for Accessories,4.3
92,"OnePlus 10T 5G (Moonstone Black, 128 GB)","₹47,249",8 GB RAM | 128 GB ROM17.02 cm (6.7 inch) Display50MP Rear Camera4800 mAh Battery1 Year Manufacturer Warranty for Handset and 6 Months Warranty for In the Box Accessories,4.3
93,"OnePlus 9 Pro 5G (Stellar Black, 128 GB)","₹48,999",8 GB RAM | 128 GB ROM17.02 cm (6.7 inch) Display48MP Rear Camera4500 mAh Battery1 Year Warranty,4.4
94,"OnePlus 9RT 5G (Nano Silver, 128 GB)","₹41,999",8 GB RAM | 128 GB ROM16.81 cm (6.62 inch) Display50MP Rear Camera4500 mAh Battery12 months,4.3
95,"APPLE iPhone XR (White, 64 GB)","₹39,999","64 GB ROM15.49 cm (6.1 inch) Display12MP Rear Camera | 7MP Front CameraA12 Bionic Chip ProcessorWater and Dust Resistant (1 meter for Upto 30 minutes, IP67)Face ID for Secure AuthenticationFast-charge CapableBrand Warranty of 1 Year",4.6
96,"MOTOROLA Edge 30 Pro (Cosmos Blue, 128 GB)","₹39,999",8 GB RAM | 128 GB ROM17.02 cm (6.7 inch) Full HD+ AMOLED Display50MP + 50MP + 2MP | 60MP Front Camera4800 mAh Lithium Polymer BatteryQualcomm Snapdragon 8 Gen 1 Processor1 Year on Handset and 6 Months on Accessories,4
97,"ASUS 6Z (Black, 64 GB)","₹35,999",6 GB RAM | 64 GB ROM | Expandable Upto 2 TB16.23 cm (6.39 inch) Full HD+ Display48MP + 13MP | 48MP + 13MP Dual Front Camera5000 mAh BatteryQualcomm SD 855 ProcessorFlip CameraBrand Warranty of 1 Year Available for Mobile and 6 Months for Accessories,4.3
98,"vivo X21 (Black, 128 GB)","₹36,990",6 GB RAM | 128 GB ROM | Expandable Upto 256 GB15.95 cm (6.28 inch) Full HD+ Display12MP + 5MP | 12MP Front Camera3200 mAh Li-ion BatteryQualcomm Snapdragon 660 AIE ProcessorBrand Warranty of 1 Year Available for Mobile and 6 Months for Accessories,4.3
99,"APPLE iPhone 8 (Silver, 64 GB)","₹39,900","64 GB ROM11.94 cm (4.7 inch) Retina HD Display12MP Rear Camera | 7MP Front CameraA11 Bionic Chip with 64-bit Architecture, Neural Engine, Embedded M11 Motion Coprocessor ProcessoriOS 13 CompatibleBrand Warranty of 1 Year",4.5
100,"SAMSUNG Galaxy A53 (Awesome Black, 128 GB)","₹35,999",8 GB RAM | 128 GB ROM | Expandable Upto 1 TB16.51 cm (6.5 inch) Full HD+ Display64MP + 12MP + 5MP + 5MP | 32MP Front Camera5000 mAh Lithium Ion BatteryExynos Octa Core Processor Processor1 Year Manufacturer Warranty for Device and 6 Months Manufacturer Warranty for In-Box,4.1
101,"APPLE iPhone 8 (Gold, 64 GB)","₹39,900","64 GB ROM11.94 cm (4.7 inch) Retina HD Display12MP Rear Camera | 7MP Front CameraA11 Bionic Chip with 64-bit Architecture, Neural Engine, Embedded M11 Motion Coprocessor ProcessoriOS 13 CompatibleBrand Warranty of 1 Year",4.5
102,"Google Pixel 3a (Clearly White, 64 GB)","₹39,999",4 GB RAM | 64 GB ROM14.22 cm (5.6 inch) Full HD+ Display12.2MP Rear Camera | 8MP Front Camera3000 mAh BatteryQualcomm Snapdragon 670 ProcessoreSIM CompatibleBrand Warranty of 1 Year Available for Mobile,4.5
103,"APPLE iPhone 7 Plus (Black, 32 GB)","₹37,900",32 GB ROM13.94 cm (5.488 inch) Retina HD Display12MP + 12MP | 7MP Front CameraApple A10 Fusion 64-bit processor and Embedded M10 Motion Co-processoriOS 13 CompatibleBrand Warranty of 1 Year,4.5
104,"ASUS ZenFone 5Z (Midnight Blue, 128 GB)","₹36,299",6 GB RAM | 128 GB ROM | Expandable Upto 2 TB15.75 cm (6.2 inch) Full HD+ Display12MP + 8MP | 8MP Front Camera3300 mAh BatteryQualcomm Snapdragon 845 Octa Core ProcessorBrand Warranty of 1 Year Available for Handset and 6 Months for Accessories,4.5
105,"Mi 10T (Cosmic Black, 128 GB)","₹37,999",8 GB RAM | 128 GB ROM16.94 cm (6.67 inch) Full HD+ Display64MP + 13MP + 5MP | 20MP Front Camera5000 mAh Li-ion Polymer BatteryQualcomm Snapdragon 865 Processor144Hz Intelligent AdaptiveSync Display33W Dual Split Flash Charge1 Year Manufacturer Warranty for Device and 6 Months Manufacturer Warranty for In-box Accessories,4.1
106,"realme GT 5G (Dashing Silver, 128 GB)","₹37,999",8 GB RAM | 128 GB ROM16.33 cm (6.43 inch) Full HD+ Display64MP + 8MP + 2MP | 16MP Front Camera4500 mAh BatteryQualcomm Snapdragon 888 Processor1 Year Warranty for Mobile and 6 Months for Accessories,4.3
107,"OPPO Reno3 Pro (Midnight Black, 256 GB)","₹35,990",8 GB RAM | 256 GB ROM | Expandable Upto 256 GB16.26 cm (6.4 inch) Display64MP + 13MP + 8MP + 2MP | 44MP + 2MP Dual Front Camera4025 mAh BatteryMediaTek Helio P95 ProcessorUltra Steady Video 2.0 and Video BokehWorld's 1st 44MP Dual Punch Hole CameraBrand Warranty of 1 Year Available for Mobile and 6 Months for Accessories,4.4
108,"IQOO 9 5G (Legend, 128 GB)","₹38,490",8 GB RAM | 128 GB ROM16.66 cm (6.56 inch) Display48MP + 48MP + 13MP + 13MP | 16MP + 16MP Dual Front Camera4350 mAh Battery1 Year,4.1
109,"realme GT Neo 3 (Sprint White, 256 GB)","₹38,999",8 GB RAM | 256 GB ROM17.02 cm (6.7 inch) Full HD+ Display50MP + 8MP + 2MP | 16MP Front Camera5000 mAh Lithium Ion BatteryMediatek Dimensity 8100 Processor1 Year Manufacturer Warranty for Phone and 6 Months Warranty for In-Box Accessories,4.1
110,"realme GT Neo 3 (Sprint White, 128 GB)","₹36,999",8 GB RAM | 128 GB ROM17.02 cm (6.7 inch) Full HD+ Display50MP + 8MP + 2MP | 16MP Front Camera5000 mAh Lithium Ion BatteryMediatek Dimensity 8100 Processor1 Year Manufacturer Warranty for Phone and 6 Months Warranty for In-Box Accessories,4.1
111,"IQOO 3 (Tornado Black, 128 GB)","₹37,990","8 GB RAM | 128 GB ROM16.36 cm (6.44 inch) Full HD+ Display48MP + 13MP + 13MP + 2MP | 16MP Front Camera4440 mAh Li-ion BatteryQualcomm Snapdragon 865 ProcessorIn-Display Fingerprint Sensor, Monster Touch Buttons55 W Super Flash ChargeSuper AMOLED DisplayBrand Warranty of 1 Year Available for Mobile and Accessories",4.5
112,"IQOO 3 (Quantum Silver, 128 GB)","₹37,990","8 GB RAM | 128 GB ROM16.36 cm (6.44 inch) Full HD+ Display48MP + 13MP + 13MP + 2MP | 16MP Front Camera4440 mAh Li-ion BatteryQualcomm Snapdragon 865 ProcessorIn-Display Fingerprint Sensor, Monster Touch Buttons55 W Super Flash ChargeSuper AMOLED DisplayBrand Warranty of 1 Year Available for Mobile and Accessories",4.5
113,"Mi Mix 2 (Black, 128 GB)","₹37,999",6 GB RAM | 128 GB ROM15.21 cm (5.99 inch) Full HD+ Display12MP Rear Camera | 5MP Front Camera3400 mAh Li-polymer BatteryQualcomm Snapdragon 835 Octa Core 2.5 GHz ProcessorBrand Warranty of 1 Year Available for Mobile and 6 Months for Accessories,4.3
114,"OPPO Reno2 (Ocean Blue, 256 GB)","₹39,990",8 GB RAM | 256 GB ROM | Expandable Upto 256 GB16.51 cm (6.5 inch) Display48MP + 8MP + 13MP + 2MP | 16MP Front Camera4000 mAh BatteryQualcomm Snapdragon 730G ProcessorUltra Dark Mode l Ultra Steady Video20x Digital ZoomBrand Warranty of 1 Year Available for Mobile with Battery and 6 Months for Accessories,4.4
115,"Xiaomi 11T Pro 5G Hyperphone (Meteorite Black, 256 GB)","₹39,000",8 GB RAM | 256 GB ROM16.94 cm (6.67 inch) Display108MP Rear Camera5000 mAh Battery12 months,4
116,"SAMSUNG A52s 5G (Awesome Black, 128 GB)","₹37,999",6 GB RAM | 128 GB ROM16.51 cm (6.5 inch) Display64MP Rear Camera4500 mAh Battery1 year on phone & 6 months on accessories,4.1
117,"vivo V21 5G (Dusk Blue, 256 GB)","₹39,000",8 GB RAM | 256 GB ROM16.36 cm (6.44 inch) Full HD+ Display64MP + 8MP + 2MP | 44MP Front Camera4000 mAh Lithium-ion BatteryMediaTek Dimensity 800U ProcessorAMOLED Display1 Year for Handset and 6 Months for In-box Accessories,4.3
118,"realme GT Neo 3 (Nitro Blue, 256 GB)","₹38,999",8 GB RAM | 256 GB ROM17.02 cm (6.7 inch) Full HD+ Display50MP + 8MP + 2MP | 16MP Front Camera5000 mAh Lithium Ion BatteryMediatek Dimensity 8100 Processor1 Year Manufacturer Warranty for Phone and 6 Months Warranty for In-Box Accessories,4.1
119,"Mi 10T (Lunar Silver, 128 GB)","₹37,999",8 GB RAM | 128 GB ROM16.94 cm (6.67 inch) Full HD+ Display64MP + 13MP + 5MP | 20MP Front Camera5000 mAh Li-ion Polymer BatteryQualcomm Snapdragon 865 Processor144Hz Intelligent AdaptiveSync Display33W Dual Split Flash Charge1 Year Manufacturer Warranty for Device and 6 Months Manufacturer Warranty for In-box Accessories,4.1
120,"APPLE iPhone 13 (Green, 128 GB)","₹62,999",128 GB ROM15.49 cm (6.1 inch) Super Retina XDR Display12MP + 12MP | 12MP Front CameraA15 Bionic Chip ProcessorBrand Warranty for 1 Year,4.7
121,"POCO C31 (Royal Blue, 64 GB)","₹7,749","4 GB RAM | 64 GB ROM | Expandable Upto 512 GB16.59 cm (6.53 inch) HD+ Display13MP + 2MP + 2MP | 5MP Front Camera5000 mAh Lithium-ion Polymer BatteryMediaTek G35 Processor1 Year Warranty for Handset, 6 Months for Accessories",4.3
122,"SAMSUNG Galaxy F23 5G (Aqua Blue, 128 GB)","₹14,999",6 GB RAM | 128 GB ROM | Expandable Upto 1 TB16.76 cm (6.6 inch) Full HD+ Display50MP + 8MP + 2MP | 8MP Front Camera5000 mAh Lithium Ion BatteryQualcomm Snapdragon 750G Processor1 Year Warranty Provided by the Manufacturer from Date of Purchase,4.3
123,"POCO C31 (Shadow Gray, 64 GB)","₹7,749","4 GB RAM | 64 GB ROM | Expandable Upto 512 GB16.59 cm (6.53 inch) HD+ Display13MP + 2MP + 2MP | 5MP Front Camera5000 mAh Lithium-ion Polymer BatteryMediaTek Helio G35 Processor1 Year Warranty for Handset, 6 Months for Accessories",4.3
124,"APPLE iPhone 13 (Starlight, 128 GB)","₹62,999",128 GB ROM15.49 cm (6.1 inch) Super Retina XDR Display12MP + 12MP | 12MP Front CameraA15 Bionic Chip ProcessorBrand Warranty for 1 Year,4.7
125,"SAMSUNG Galaxy F23 5G (Forest Green, 128 GB)","₹14,999",6 GB RAM | 128 GB ROM | Expandable Upto 1 TB16.76 cm (6.6 inch) Full HD+ Display50MP + 8MP + 2MP | 8MP Front Camera5000 mAh Lithium Ion BatteryQualcomm Snapdragon 750G Processor1 Year Warranty Provided by the Manufacturer from Date of Purchase,4.3
126,"POCO M4 Pro 5G (Cool Blue, 128 GB)","₹14,999","6 GB RAM | 128 GB ROM | Expandable Upto 1 TB16.76 cm (6.6 inch) Full HD+ Display50MP + 8MP | 16MP Front Camera5000 mAh Lithium-ion Polymer BatteryMediatek Dimensity 810 ProcessorOne Year for Handset, 6 Months for Accessories",4.2
127,"REDMI 10 (Midnight Black, 64 GB)","₹9,999",4 GB RAM | 64 GB ROM | Expandable Upto 1 TB17.02 cm (6.7 inch) HD+ Display50MP + 2MP | 5MP Front Camera6000 mAh Lithium Polymer BatteryQualcomm Snapdragon 680 Processor1 Year Warranty for Phone and 6 Months Warranty for In-Box Accessories,4.3
128,"SAMSUNG Galaxy F22 (Denim Black, 64 GB)","₹10,999",4 GB RAM | 64 GB ROM | Expandable Upto 1 TB16.26 cm (6.4 inch) HD+ Display48MP + 8MP + 2MP + 2MP | 13MP Front Camera6000 mAh Lithium-ion BatteryMediaTek Helio G80 Processor1 Year Warranty Provided by the Manufacturer from Date of Purchase,4.3
129,"SAMSUNG Galaxy F22 (Denim Blue, 64 GB)","₹10,999",4 GB RAM | 64 GB ROM | Expandable Upto 1 TB16.26 cm (6.4 inch) HD+ Display48MP + 8MP + 2MP + 2MP | 13MP Front Camera6000 mAh Lithium-ion BatteryMediaTek Helio G80 Processor1 Year Warranty Provided by the Manufacturer from Date of Purchase,4.3
130,"OPPO K10 5G (Ocean Blue, 128 GB)","₹17,499",8 GB RAM | 128 GB ROM | Expandable Upto 1 TB16.66 cm (6.56 inch) HD+ Display48MP + 2MP | 8MP Front Camera5000 mAh Lithium Ion Polymer BatteryMediatek Dimensity 810 Processor1 Year Manufacturer Warranty for Phone and 6 Months Warranty for In-Box Accessories,4.4
131,"OPPO K10 5G (Midnight Black, 128 GB)","₹17,499",8 GB RAM | 128 GB ROM | Expandable Upto 1 TB16.66 cm (6.56 inch) HD+ Display48MP + 2MP | 8MP Front Camera5000 mAh Lithium Ion Polymer BatteryMediatek Dimensity 810 Processor1 Year Manufacturer Warranty for Phone and 6 Months Warranty for In-Box Accessories,4.4
132,"SAMSUNG Galaxy F23 5G (Copper Blush, 128 GB)","₹14,999",6 GB RAM | 128 GB ROM | Expandable Upto 1 TB16.76 cm (6.6 inch) Full HD+ Display50MP + 8MP + 2MP | 8MP Front Camera5000 mAh Lithium Ion BatteryQualcomm Snapdragon 750G Processor1 Year Warranty Provided by the Manufacturer from Date of Purchase,4.3
133,"OPPO K10 (Black Carbon, 128 GB)","₹13,490",6 GB RAM | 128 GB ROM | Expandable Upto 1 TB16.74 cm (6.59 inch) Full HD+ Display50MP + 2MP + 2MP | 16MP Front Camera5000 mAh Lithium Ion BatteryQualcomm Snapdragon 680 Processor33W SUPERVOOC Charger | Dual Speaker | Super Adaptive Refresh RateAI Photo Suite | OPPO Glow Design with Dirt and Scratch Resistant1 Year Manufacturer Warranty for Phone and 6 Months Warranty for In-Box Accessories,4.4
134,"OPPO K10 (Blue Flame, 128 GB)","₹13,490",6 GB RAM | 128 GB ROM | Expandable Upto 1 TB16.74 cm (6.59 inch) Full HD+ Display50MP + 2MP + 2MP | 16MP Front Camera5000 mAh Lithium Ion BatteryQualcomm Snapdragon 680 Processor33W SUPERVOOC Charger | Dual Speaker | Super Adaptive Refresh RateAI Photo Suite | OPPO Glow Design with Dirt and Scratch Resistant1 Year Manufacturer Warranty for Phone and 6 Months Warranty for In-Box Accessories,4.4
135,"SAMSUNG Galaxy F13 (Waterfall Blue, 64 GB)","₹10,499",4 GB RAM | 64 GB ROM | Expandable Upto 1 TB16.76 cm (6.6 inch) Full HD+ Display50MP + 5MP + 2MP | 8MP Front Camera6000 mAh Lithium Ion BatteryExynos 850 Processor1 Year Warranty Provided By the Manufacturer from Date of Purchase,4.4
136,"MOTOROLA e40 (Carbon Gray, 64 GB)","₹8,599",4 GB RAM | 64 GB ROM | Expandable Upto 1 TB16.51 cm (6.5 inch) HD+ Display48MP + 2MP + 2MP | 8MP Front Camera5000 mAh BatteryUNISOC T700 Processor1 Year on Handset and 6 Months on Accessories,4.1
137,"MOTOROLA e40 (Pink Clay, 64 GB)","₹8,599",4 GB RAM | 64 GB ROM | Expandable Upto 1 TB16.51 cm (6.5 inch) HD+ Display48MP + 2MP + 2MP | 8MP Front Camera5000 mAh BatteryUNISOC T700 Processor1 Year on Handset and 6 Months on Accessories,4.1
138,"vivo T1 44W (Midnight Galaxy, 128 GB)","₹14,499",4 GB RAM | 128 GB ROM | Expandable Upto 1 TB16.36 cm (6.44 inch) Full HD+ AMOLED Display50MP + 2MP + 2MP | 16MP Front Camera5000 mAh Lithium BatteryQualcomm Snapdragon 680 Processor1 Year Handset and 6 Months Accessories,4.4
139,"vivo T1 44W (Starry Sky, 128 GB)","₹14,499",4 GB RAM | 128 GB ROM | Expandable Upto 1 TB16.36 cm (6.44 inch) Full HD+ AMOLED Display50MP + 2MP + 2MP | 16MP Front Camera5000 mAh Lithium BatteryQualcomm Snapdragon 680 Processor1 Year Handset and 6 Months Accessories,4.4
140,"vivo T1 5G (Rainbow Fantasy, 128 GB)","₹15,990",4 GB RAM | 128 GB ROM | Expandable Upto 1 TB16.71 cm (6.58 inch) Full HD+ Display50MP + 2MP + 2MP | 16MP Front Camera5000 mAh Lithium BatteryTurbo Processor Snapdragon 695 Processor1 Year Handset and 6 Months Accessories,4.3
141,"SAMSUNG Galaxy F22 (Denim Black, 128 GB)","₹13,499",6 GB RAM | 128 GB ROM | Expandable Upto 1 TB16.26 cm (6.4 inch) HD+ Display48MP + 8MP + 2MP + 2MP | 13MP Front Camera6000 mAh Lithium-ion BatteryMediaTek Helio G80 Processor1 Year Warranty Provided by the Manufacturer from Date of Purchase,4.3
142,"vivo T1X (Gravity Black, 64 GB)","₹11,999",4 GB RAM | 64 GB ROM16.71 cm (6.58 inch) Full HD+ Display50MP + 2MP | 8MP Front Camera5000 mAh BatteryQualcomm Snapdragon 680 Processor1 Year on Handset and 6 Months on Accessories,4.5
143,"vivo T1X (Space Blue, 64 GB)","₹11,999",4 GB RAM | 64 GB ROM16.71 cm (6.58 inch) Full HD+ Display50MP + 2MP | 8MP Front Camera5000 mAh BatteryQualcomm Snapdragon 680 Processor1 Year on Handset and 6 Months on Accessories,4.5
144,"POCO C31 (Royal Blue, 32 GB)","₹6,999","3 GB RAM | 32 GB ROM | Expandable Upto 512 GB16.59 cm (6.53 inch) HD+ Display13MP + 2MP + 2MP | 5MP Front Camera5000 mAh Lithium-ion Polymer BatteryMediaTek Helio G35 Processor1 Year Warranty for Handset, 6 Months for Accessories",4.3
145,"REDMI 10 (Pacific Blue, 64 GB)","₹9,999",4 GB RAM | 64 GB ROM | Expandable Upto 1 TB17.02 cm (6.7 inch) HD+ Display50MP + 2MP | 5MP Front Camera6000 mAh Lithium Polymer BatteryQualcomm Snapdragon 680 Processor1 Year Warranty for Phone and 6 Months Warranty for In-Box Accessories,4.3
146,"vivo T1 44W (Starry Sky, 128 GB)","₹15,999",6 GB RAM | 128 GB ROM | Expandable Upto 1 TB16.36 cm (6.44 inch) Full HD+ AMOLED Display50MP + 2MP + 2MP | 16MP Front Camera5000 mAh Lithium BatteryQualcomm Snapdragon 680 Processor1 Year Handset and 6 Months Accessories,4.4
147,"SAMSUNG Galaxy F13 (Nightsky Green, 64 GB)","₹10,499",4 GB RAM | 64 GB ROM | Expandable Upto 1 TB16.76 cm (6.6 inch) Full HD+ Display50MP + 5MP + 2MP | 8MP Front Camera6000 mAh Lithium Ion BatteryExynos 850 Processor1 Year Warranty Provided By the Manufacturer from Date of Purchase,4.4
148,"SAMSUNG Galaxy F13 (Sunrise Copper, 64 GB)","₹10,499",4 GB RAM | 64 GB ROM | Expandable Upto 1 TB16.76 cm (6.6 inch) Full HD+ Display50MP + 5MP + 2MP | 8MP Front Camera6000 mAh Lithium Ion BatteryExynos 850 Processor1 Year Warranty Provided By the Manufacturer from Date of Purchase,4.4
149,"REDMI 10 (Caribbean Green, 64 GB)","₹9,999",4 GB RAM | 64 GB ROM | Expandable Upto 1 TB17.02 cm (6.7 inch) HD+ Display50MP + 2MP | 5MP Front Camera6000 mAh Lithium Polymer BatteryQualcomm Snapdragon 680 Processor1 Year Warranty for Phone and 6 Months Warranty for In-Box Accessories,4.3
150,"vivo T1X (Gravity Black, 128 GB)","₹12,999",4 GB RAM | 128 GB ROM16.71 cm (6.58 inch) Full HD+ Display50MP + 2MP | 8MP Front Camera5000 mAh BatteryQualcomm Snapdragon 680 Processor1 Year on Handset and 6 Months on Accessories,4.5
151,"vivo T1X (Space Blue, 128 GB)","₹12,999",4 GB RAM | 128 GB ROM16.71 cm (6.58 inch) Full HD+ Display50MP + 2MP | 8MP Front Camera5000 mAh BatteryQualcomm Snapdragon 680 Processor1 Year on Handset and 6 Months on Accessories,4.5
152,"vivo T1 5G (Starlight Black, 128 GB)","₹15,990",4 GB RAM | 128 GB ROM | Expandable Upto 1 TB16.71 cm (6.58 inch) Full HD+ Display50MP + 2MP + 2MP | 16MP Front Camera5000 mAh Lithium BatteryQualcomm Snapdragon 695 Processor1 Year Handset and 6 Months Accessories,4.3
153,"APPLE iPhone 13 (Pink, 128 GB)","₹62,999",128 GB ROM15.49 cm (6.1 inch) Super Retina XDR Display12MP + 12MP | 12MP Front CameraA15 Bionic Chip ProcessorBrand Warranty for 1 Year,4.7
154,Nokia 105 SS,"₹1,299",32 MB RAM | 32 MB ROM4.5 cm (1.77 inch) QVGA Display0MP Front Camera800 mAh Lithium Ion BatterySC6531E Processor1 Year Manufacturer Warranty for Device and 6 Months Manufacturer Warranty for In-box Accessories Including Battery from the Date of Purchase,4.2
155,Nokia 105 SS,"₹1,299",32 MB RAM | 32 MB ROM4.5 cm (1.77 inch) QVGA Display0MP Front Camera800 mAh Lithium Ion BatterySC6531E Processor1 Year Manufacturer Warranty for Device and 6 Months Manufacturer Warranty for In-box Accessories Including Battery from the Date of Purchase,4.2
156,"REDMI 10 (Midnight Black, 128 GB)","₹11,999",6 GB RAM | 128 GB ROM | Expandable Upto 1 TB17.02 cm (6.7 inch) HD+ Display50MP + 2MP | 5MP Front Camera6000 mAh Lithium Polymer BatteryQualcomm Snapdragon 680 Processor1 Year Warranty for Phone and 6 Months Warranty for In-Box Accessories,4.2
157,"POCO M4 Pro 5G (Cool Blue, 64 GB)","₹12,999","4 GB RAM | 64 GB ROM | Expandable Upto 1 TB16.76 cm (6.6 inch) Full HD+ Display50MP + 8MP | 16MP Front Camera5000 mAh Lithium-ion Polymer BatteryMediatek Dimensity 810 ProcessorOne Year for Handset, 6 Months for Accessories",4.3
158,"vivo T1X (Space Blue, 128 GB)","₹14,999",6 GB RAM | 128 GB ROM16.71 cm (6.58 inch) Full HD+ Display50MP + 2MP | 8MP Front Camera5000 mAh BatteryQualcomm Snapdragon 680 Processor1 Year on Handset and 6 Months on Accessories,4.4
159,"Infinix HOT 12 Play (Horizon Blue, 64 GB)","₹8,299",4 GB RAM | 64 GB ROM | Expandable Upto 256 GB17.32 cm (6.82 inch) HD+ Display13MP + Depth Lens | 8MP Front Camera6000 mAh Li-ion Polymer BatteryUnisoc T610 Processor1 Year on Handset And 6 Months on Accessories,4.3
160,"Infinix HOT 12 Play (Champagne Gold, 64 GB)","₹8,299",4 GB RAM | 64 GB ROM | Expandable Upto 256 GB17.32 cm (6.82 inch) HD+ Display13MP + Depth Lens | 8MP Front Camera6000 mAh Li-ion Polymer BatteryUnisoc T610 Processor1 Year on Handset And 6 Months on Accessories,4.3
161,"Infinix HOT 12 Play (Daylight Green, 64 GB)","₹8,299",4 GB RAM | 64 GB ROM | Expandable Upto 256 GB17.32 cm (6.82 inch) HD+ Display13MP + Depth Lens | 8MP Front Camera6000 mAh Li-ion Polymer BatteryUnisoc T610 Processor1 Year on Handset And 6 Months on Accessories,4.3
162,"Infinix HOT 12 Play (Racing Black, 64 GB)","₹8,299",4 GB RAM | 64 GB ROM | Expandable Upto 256 GB17.32 cm (6.82 inch) HD+ Display13MP + Depth Lens | 8MP Front Camera6000 mAh Li-ion Polymer BatteryUnisoc T610 Processor1 Year on Handset And 6 Months on Accessories,4.3
163,"realme C35 (Glowing Black, 64 GB)","₹11,999",4 GB RAM | 64 GB ROM | Expandable Upto 1 TB16.76 cm (6.6 inch) Full HD+ Display50MP + 2MP + 0.3MP | 8MP Front Camera5000 mAh Lithium Polymer BatteryUnisoc Tiger T616 Processor1 Year Warranty for Phone and 6 Months Warranty for In-Box Accessories,4.4
164,"realme C33 (Sandy Gold, 32 GB)","₹8,999",3 GB RAM | 32 GB ROM | Expandable Upto 1 TB16.51 cm (6.5 inch) HD+ Display50MP + 0.3MP | 5MP Front Camera5000 mAh Lithium Ion BatteryUnisoc T612 Processor1 Year Manufacturer Warranty for Phone and 6 Months Warranty for In-Box Accessories,4.5
165,"realme C33 (Night Sea, 32 GB)","₹8,999",3 GB RAM | 32 GB ROM | Expandable Upto 1 TB16.51 cm (6.5 inch) HD+ Display50MP + 0.3MP | 5MP Front Camera5000 mAh Lithium Ion BatteryUnisoc T612 Processor1 Year Manufacturer Warranty for Phone and 6 Months Warranty for In-Box Accessories,4.5
166,"REDMI 10 Prime (Bifrost Blue, 128 GB)","₹15,990",6 GB RAM | 128 GB ROM | Expandable Upto 512 GB16.51 cm (6.5 inch) Full HD Display50MP + 8MP + 2MP + 2MP | 8MP Front Camera6000 mAh BatteryHelio G88 Processor1 Year Manufacturer Warranty for Handset and 6 Months Warranty for In the Box Accessories,4.2
167,"realme C33 (Aqua Blue, 32 GB)","₹8,999",3 GB RAM | 32 GB ROM | Expandable Upto 1 TB16.51 cm (6.5 inch) HD+ Display50MP + 0.3MP | 5MP Front Camera5000 mAh Lithium Ion BatteryUnisoc T612 Processor1 Year Manufacturer Warranty for Phone and 6 Months Warranty for In-Box Accessories,4.5
168,"realme C33 (Sandy Gold, 32 GB)","₹8,999",3 GB RAM | 32 GB ROM | Expandable Upto 1 TB16.51 cm (6.5 inch) HD+ Display50MP + 0.3MP | 5MP Front Camera5000 mAh Lithium Ion BatteryUnisoc T612 Processor1 Year Manufacturer Warranty for Phone and 6 Months Warranty for In-Box Accessories,4.5
169,"realme C33 (Aqua Blue, 32 GB)","₹8,999",3 GB RAM | 32 GB ROM | Expandable Upto 1 TB16.51 cm (6.5 inch) HD+ Display50MP + 0.3MP | 5MP Front Camera5000 mAh Lithium Ion BatteryUnisoc T612 Processor1 Year Manufacturer Warranty for Phone and 6 Months Warranty for In-Box Accessories,4.5
170,"realme C33 (Night Sea, 32 GB)","₹8,999",3 GB RAM | 32 GB ROM | Expandable Upto 1 TB16.51 cm (6.5 inch) HD+ Display50MP + 0.3MP | 5MP Front Camera5000 mAh Lithium Ion BatteryUnisoc T612 Processor1 Year Manufacturer Warranty for Phone and 6 Months Warranty for In-Box Accessories,4.5
171,"MOTOROLA G32 (Mineral Gray, 64 GB)","₹10,999",4 GB RAM | 64 GB ROM16.64 cm (6.55 inch) Full HD+ Display50MP + 8MP + 2MP | 16MP Front Camera5000 mAh Lithium Polymer BatteryQualcomm Snapdragon 680 Processor1 Year on Handset and 6 Months on Accessories,4.2
172,"MOTOROLA g31 (Baby Blue, 128 GB)","₹11,999",6 GB RAM | 128 GB ROM | Expandable Upto 1 TB16.26 cm (6.4 inch) Full HD+ Display50MP + 8MP + 2MP | 13MP Front Camera5000 mAh LiPo BatteryMediatek Helio G85 Processor1 Year on Handset and 6 Months on Accessories,4.1
173,"POCO C31 (Shadow Gray, 32 GB)","₹6,999","3 GB RAM | 32 GB ROM | Expandable Upto 512 GB16.59 cm (6.53 inch) HD+ Display13MP + 2MP + 2MP | 5MP Front Camera5000 mAh Lithium-ion Polymer BatteryMediaTek Helio G35 Processor1 Year Warranty for Handset, 6 Months for Accessories",4.3
174,"POCO M4 Pro 5G (Power Black, 64 GB)","₹12,999","4 GB RAM | 64 GB ROM | Expandable Upto 1 TB16.76 cm (6.6 inch) Full HD+ Display50MP + 8MP | 16MP Front Camera5000 mAh Lithium-ion Polymer BatteryMediatek Dimensity 810 ProcessorOne Year for Handset, 6 Months for Accessories",4.3
175,"MOTOROLA G62 5G (Midnight Gray, 128 GB)","₹15,999",6 GB RAM | 128 GB ROM16.64 cm (6.55 inch) Full HD+ Display50MP + 8MP + 2MP | 16MP Front Camera5000 mAh Lithium Polymer BatteryQualcomm Snapdragon 695 5G Processor1 Year on Handset and 6 Months on Accessories,4.1
176,"POCO M4 Pro (Power Black, 64 GB)","₹12,999","6 GB RAM | 64 GB ROM | Expandable Upto 1 TB16.33 cm (6.43 inch) Full HD+ AMOLED Display64MP + 8MP + 2MP | 16MP Front Camera5000 mAh Lithium-ion Polymer BatteryMediatek Helio G96 ProcessorOne Year for Handset, 6 Months for Accessories",4.3
177,"REDMI 9i Sport (Coral Green, 64 GB)","₹7,999",4 GB RAM | 64 GB ROM | Expandable Upto 512 GB16.59 cm (6.53 inch) HD+ Display13MP Rear Camera | 5MP Front Camera5000 mAh Li-Polymer BatteryMediaTek Helio G25 ProcessorBrand Warranty of 1 Year Available for Mobile and 6 Months for Accessories,4.3
178,"MOTOROLA g52 (Charcoal Grey, 128 GB)","₹13,999",6 GB RAM | 128 GB ROM16.76 cm (6.6 inch) Full HD+ Display50MP + 8MP + 2MP | 16MP Front Camera5000 mAh Lithium BatteryQualcomm Snapdragon 680 Processor1 Year on Handset and 6 Months on Accessories,4.2
179,"Infinix Note 12 (Jewel Blue, 64 GB)","₹9,999",4 GB RAM | 64 GB ROM | Expandable Upto 512 GB17.02 cm (6.7 inch) Full HD+ AMOLED Display50MP + 2MP Depth + AI Lens | 16MP Front Camera5000 mAh Li-ion Polymer BatteryMediaTek Helio G88 Processor1 Year on Handset and 6 Months on Accessories,4.2
180,"Infinix Smart 6 HD (Aqua Sky, 32 GB)","₹5,999",2 GB RAM | 32 GB ROM | Expandable Upto 512 GB16.76 cm (6.6 inch) HD+ Display8MP Rear Camera | 5MP Front Camera5000 mAh Lithium-ion Polymer BatteryMediatek Helio A22 Processor1 Year on Handset and 6 Months on Accessories,4.4
181,"REDMI 10 (Midnight Black, 128 GB)","₹11,999",6 GB RAM | 128 GB ROM | Expandable Upto 1 TB17.02 cm (6.7 inch) HD+ Display50MP + 2MP | 5MP Front Camera6000 mAh Lithium Polymer BatteryQualcomm Snapdragon 680 Processor1 Year Warranty for Phone and 6 Months Warranty for In-Box Accessories,4.2
182,"realme C35 (Glowing Green, 64 GB)","₹11,999",4 GB RAM | 64 GB ROM | Expandable Upto 1 TB16.76 cm (6.6 inch) Full HD+ Display50MP + 2MP + 0.3MP | 8MP Front Camera5000 mAh Lithium Polymer BatteryUnisoc Tiger T616 Processor1 Year Warranty for Phone and 6 Months Warranty for In-Box Accessories,4.4
183,"vivo T1 5G (Rainbow Fantasy, 128 GB)","₹19,990",8 GB RAM | 128 GB ROM | Expandable Upto 1 TB16.71 cm (6.58 inch) Full HD+ Display50MP + 2MP + 2MP | 16MP Front Camera5000 mAh Lithium BatteryQualcomm Snapdragon 695 Processor1 Year Handset and 6 Months Accessories,4.3
184,"vivo T1 5G (Starlight Black, 128 GB)","₹19,990",8 GB RAM | 128 GB ROM | Expandable Upto 1 TB16.71 cm (6.58 inch) Full HD+ Display50MP + 2MP + 2MP | 16MP Front Camera5000 mAh Lithium BatteryQualcomm Snapdragon 695 Processor1 Year Handset and 6 Months Accessories,4.3
185,"vivo T1 5G (Rainbow Fantasy, 128 GB)","₹16,990",6 GB RAM | 128 GB ROM | Expandable Upto 1 TB16.71 cm (6.58 inch) Full HD+ Display50MP + 2MP + 2MP | 16MP Front Camera5000 mAh Lithium BatteryQualcomm Snapdragon 695 Processor1 Year Handset and 6 Months Accessories,4.4
186,"realme C33 (Night Sea, 64 GB)","₹9,999",4 GB RAM | 64 GB ROM | Expandable Upto 1 TB16.51 cm (6.5 inch) HD+ Display50MP + 0.3MP | 5MP Front Camera5000 mAh Lithium Ion BatteryUnisoc T612 Processor1 Year Manufacturer Warranty for Phone and 6 Months Warranty for In-Box Accessories,4.5
187,"realme C33 (Sandy Gold, 64 GB)","₹9,999",4 GB RAM | 64 GB ROM | Expandable Upto 1 TB16.51 cm (6.5 inch) HD+ Display50MP + 0.3MP | 5MP Front Camera5000 mAh Lithium Ion BatteryUnisoc T612 Processor1 Year Manufacturer Warranty for Phone and 6 Months Warranty for In-Box Accessories,4.5
188,"realme C33 (Aqua Blue, 64 GB)","₹9,999",4 GB RAM | 64 GB ROM | Expandable Upto 1 TB16.51 cm (6.5 inch) HD+ Display50MP + 0.3MP | 5MP Front Camera5000 mAh Lithium Ion BatteryUnisoc T612 Processor1 Year Manufacturer Warranty for Phone and 6 Months Warranty for In-Box Accessories,4.5
189,"realme 9 (Meteor Black, 128 GB)","₹16,999",6 GB RAM | 128 GB ROM | Expandable Upto 256 GB16.26 cm (6.4 inch) Full HD+ AMOLED Display108MP + 8MP + 2MP | 16MP Front Camera5000 mAh Lithium Ion BatteryQualcomm Snapdragon 680 Processor1 Year Manufacturer Warranty for Phone and 6 Months Warranty for In-Box Accessories,4.4
190,"realme 9 (Sunburst Gold, 128 GB)","₹16,999",6 GB RAM | 128 GB ROM | Expandable Upto 256 GB16.26 cm (6.4 inch) Full HD+ AMOLED Display108MP + 8MP + 2MP | 16MP Front Camera5000 mAh Lithium Ion BatteryQualcomm Snapdragon 680 Processor1 Year Manufacturer Warranty for Phone and 6 Months Warranty for In-Box Accessories,4.4
191,"MOTOROLA G60 (Moonless, 128 GB)","₹14,999",6 GB RAM | 128 GB ROM17.22 cm (6.78 inch) Full HD+ Display108MP + 8MP + 2MP | 32MP Front Camera6000 mAh BatteryQualcomm Snapdragon 732G Processor120Hz Refresh RateStock Android Experience1 Year on Handset and 6 Months on Accessories,4.2
